"pp","task_label","training_phase","score","c","pitch_error","Training"
1,"Chaotic","PostTest",0.664666666666667,0.637,0.960666666666667,"Chaotic Interactive"
1,"Chaotic","PreTest",0.4352,0.5144,1.1908,"Chaotic Interactive"
1,"Chaotic","Retention",0.4712,0.5632,1.1986,"Chaotic Interactive"
1,"Chaotic Visual","PostTest",1.40933333333333,0.591666666666667,0.427333333333333,"Chaotic Interactive"
1,"Chaotic Visual","PreTest",1.6446,0.5976,0.3668,"Chaotic Interactive"
1,"Chaotic Visual","Retention",1.476,0.6378,0.433,"Chaotic Interactive"
1,"Periodic Fadeout (SCT)","PostTest",0.598333333333333,0.952333333333333,1.60766666666667,"Chaotic Interactive"
1,"Periodic Fadeout (SCT)","PreTest",0.6042,0.9592,1.5912,"Chaotic Interactive"
1,"Periodic Fadeout (SCT)","Retention",0.6454,0.9478,1.518,"Chaotic Interactive"
1,"Periodic Fixed","PostTest",0.536,0.906,1.71966666666667,"Chaotic Interactive"
1,"Periodic Fixed","PreTest",0.5436,0.852,1.7218,"Chaotic Interactive"
1,"Periodic Fixed","Retention",0.6374,0.9474,1.5562,"Chaotic Interactive"
4,"Chaotic","PostTest",0.431,0.564,1.31266666666667,"Chaotic Interactive"
4,"Chaotic","PreTest",0.3134,0.511,1.6362,"Chaotic Interactive"
4,"Chaotic","Retention",0.2914,0.5128,1.7652,"Chaotic Interactive"
4,"Chaotic Visual","PostTest",1.737,0.578666666666667,0.332666666666667,"Chaotic Interactive"
4,"Chaotic Visual","PreTest",1.7835,0.6035,0.33925,"Chaotic Interactive"
4,"Chaotic Visual","Retention",1.6114,0.5724,0.3558,"Chaotic Interactive"
4,"Periodic Fadeout (SCT)","PostTest",0.560333333333333,0.939333333333333,1.735,"Chaotic Interactive"
4,"Periodic Fadeout (SCT)","PreTest",0.3978,0.937,2.3724,"Chaotic Interactive"
4,"Periodic Fadeout (SCT)","Retention",0.708,0.946,1.3692,"Chaotic Interactive"
4,"Periodic Fixed","PostTest",0.490666666666667,0.924333333333333,1.88633333333333,"Chaotic Interactive"
4,"Periodic Fixed","PreTest",0.5578,0.9396,1.7394,"Chaotic Interactive"
4,"Periodic Fixed","Retention",0.634,0.9478,1.5456,"Chaotic Interactive"
5,"Chaotic","PostTest",0.269666666666667,0.457,1.72233333333333,"Chaotic Non-interactive"
5,"Chaotic","PreTest",0.2594,0.4396,1.7,"Chaotic Non-interactive"
5,"Chaotic","Retention",0.3354,0.477,1.4264,"Chaotic Non-interactive"
5,"Chaotic Visual","PostTest",1.57833333333333,0.578,0.368333333333333,"Chaotic Non-interactive"
5,"Chaotic Visual","PreTest",1.523,0.6276,0.4138,"Chaotic Non-interactive"
5,"Chaotic Visual","Retention",1.566,0.5664,0.3634,"Chaotic Non-interactive"
5,"Periodic Fadeout (SCT)","PostTest",0.301,0.898333333333333,2.988,"Chaotic Non-interactive"
5,"Periodic Fadeout (SCT)","PreTest",0.3818,0.858,2.2688,"Chaotic Non-interactive"
5,"Periodic Fadeout (SCT)","Retention",0.5468,0.9252,1.7028,"Chaotic Non-interactive"
5,"Periodic Fixed","PostTest",0.517666666666667,0.864333333333333,1.739,"Chaotic Non-interactive"
5,"Periodic Fixed","PreTest",0.372,0.7986,2.1488,"Chaotic Non-interactive"
5,"Periodic Fixed","Retention",0.429,0.7364,1.7344,"Chaotic Non-interactive"
6,"Chaotic","PostTest",0.369333333333333,0.482,1.30533333333333,"Chaotic Interactive"
6,"Chaotic","PreTest",0.2224,0.4598,2.0966,"Chaotic Interactive"
6,"Chaotic","Retention",0.3416,0.4896,1.461,"Chaotic Interactive"
6,"Chaotic Visual","PostTest",1.22033333333333,0.536333333333333,0.440666666666667,"Chaotic Interactive"
6,"Chaotic Visual","PreTest",1.3314,0.5842,0.4418,"Chaotic Interactive"
6,"Chaotic Visual","Retention",1.6682,0.668,0.4002,"Chaotic Interactive"
6,"Periodic Fadeout (SCT)","PostTest",0.275333333333333,0.764666666666667,2.788,"Chaotic Interactive"
6,"Periodic Fadeout (SCT)","PreTest",0.3016,0.7466,2.6772,"Chaotic Interactive"
6,"Periodic Fadeout (SCT)","Retention",0.3978,0.8712,2.2214,"Chaotic Interactive"
6,"Periodic Fixed","PostTest",0.611333333333333,0.793,1.45733333333333,"Chaotic Interactive"
6,"Periodic Fixed","PreTest",0.4058,0.8674,2.19,"Chaotic Interactive"
6,"Periodic Fixed","Retention",0.351,0.813,2.3432,"Chaotic Interactive"
7,"Chaotic","PostTest",0.257,0.523,2.03666666666667,"Chaotic Non-interactive"
7,"Chaotic","PreTest",0.2652,0.4824,1.8252,"Chaotic Non-interactive"
7,"Chaotic","Retention",0.2428,0.5096,2.1204,"Chaotic Non-interactive"
7,"Chaotic Visual","PostTest",1.68433333333333,0.659666666666667,0.391666666666667,"Chaotic Non-interactive"
7,"Chaotic Visual","PreTest",1.4642,0.5796,0.396,"Chaotic Non-interactive"
7,"Chaotic Visual","Retention",1.7068,0.674,0.395,"Chaotic Non-interactive"
7,"Periodic Fadeout (SCT)","PostTest",0.400666666666667,0.927666666666667,2.42333333333333,"Chaotic Non-interactive"
7,"Periodic Fadeout (SCT)","PreTest",0.3028,0.8942,3.0258,"Chaotic Non-interactive"
7,"Periodic Fadeout (SCT)","Retention",0.3996,0.9292,2.341,"Chaotic Non-interactive"
7,"Periodic Fixed","PostTest",0.257666666666667,0.773333333333333,3.00966666666667,"Chaotic Non-interactive"
7,"Periodic Fixed","PreTest",0.326,0.854,2.6574,"Chaotic Non-interactive"
7,"Periodic Fixed","Retention",0.2096,0.7234,3.4972,"Chaotic Non-interactive"
8,"Chaotic","PostTest",0.413333333333333,0.558666666666667,1.415,"Chaotic Non-interactive"
8,"Chaotic","PreTest",0.4138,0.592,1.4398,"Chaotic Non-interactive"
8,"Chaotic","Retention",0.3638,0.5522,1.5272,"Chaotic Non-interactive"
8,"Chaotic Visual","PostTest",1.81266666666667,0.696666666666667,0.385,"Chaotic Non-interactive"
8,"Chaotic Visual","PreTest",1.7446,0.6624,0.3792,"Chaotic Non-interactive"
8,"Chaotic Visual","Retention",1.7414,0.643,0.37,"Chaotic Non-interactive"
8,"Periodic Fadeout (SCT)","PostTest",0.381,0.909333333333333,2.39066666666667,"Chaotic Non-interactive"
8,"Periodic Fadeout (SCT)","PreTest",0.3832,0.8922,2.3914,"Chaotic Non-interactive"
8,"Periodic Fadeout (SCT)","Retention",0.594,0.9468,1.6484,"Chaotic Non-interactive"
8,"Periodic Fixed","PostTest",0.467666666666667,0.875333333333333,1.93766666666667,"Chaotic Non-interactive"
8,"Periodic Fixed","PreTest",0.4124,0.8832,2.221,"Chaotic Non-interactive"
8,"Periodic Fixed","Retention",0.3372,0.8914,2.6846,"Chaotic Non-interactive"
9,"Chaotic","PostTest",0.509,0.572,1.12833333333333,"Chaotic Non-interactive"
9,"Chaotic","PreTest",0.3752,0.4682,1.2644,"Chaotic Non-interactive"
9,"Chaotic","Retention",0.571,0.6964,1.2228,"Chaotic Non-interactive"
9,"Chaotic Visual","PostTest",1.951,0.763666666666667,0.391333333333333,"Chaotic Non-interactive"
9,"Chaotic Visual","PreTest",1.879,0.7392,0.3944,"Chaotic Non-interactive"
9,"Chaotic Visual","Retention",1.8606,0.7874,0.4236,"Chaotic Non-interactive"
9,"Periodic Fadeout (SCT)","PostTest",0.411666666666667,0.903666666666667,2.19666666666667,"Chaotic Non-interactive"
9,"Periodic Fadeout (SCT)","PreTest",0.3544,0.9034,2.554,"Chaotic Non-interactive"
9,"Periodic Fadeout (SCT)","Retention",0.3644,0.8962,2.4796,"Chaotic Non-interactive"
9,"Periodic Fixed","PostTest",0.307666666666667,0.702666666666667,2.35133333333333,"Chaotic Non-interactive"
9,"Periodic Fixed","PreTest",0.3522,0.7552,2.3358,"Chaotic Non-interactive"
9,"Periodic Fixed","Retention",0.4098,0.8936,2.4626,"Chaotic Non-interactive"
10,"Chaotic","PostTest",0.519333333333333,0.569,1.126,"Chaotic Interactive"
10,"Chaotic","PreTest",0.4038,0.5066,1.2598,"Chaotic Interactive"
10,"Chaotic","Retention",0.4254,0.5404,1.2814,"Chaotic Interactive"
10,"Chaotic Visual","PostTest",1.912,0.609666666666667,0.320666666666667,"Chaotic Interactive"
10,"Chaotic Visual","PreTest",1.6238,0.5666,0.352,"Chaotic Interactive"
10,"Chaotic Visual","Retention",1.8846,0.6098,0.3242,"Chaotic Interactive"
10,"Periodic Fadeout (SCT)","PostTest",0.835666666666667,0.968333333333333,1.16066666666667,"Chaotic Interactive"
10,"Periodic Fadeout (SCT)","PreTest",0.5274,0.9486,1.9218,"Chaotic Interactive"
10,"Periodic Fadeout (SCT)","Retention",0.8275,0.965,1.1775,"Chaotic Interactive"
10,"Periodic Fixed","PostTest",0.508666666666667,0.875,1.74,"Chaotic Interactive"
10,"Periodic Fixed","PreTest",0.6492,0.9518,1.5158,"Chaotic Interactive"
10,"Periodic Fixed","Retention",0.7776,0.9634,1.5364,"Chaotic Interactive"
11,"Chaotic","PostTest",0.120666666666667,0.247,2.07033333333333,"Periodic Fixed"
11,"Chaotic","PreTest",0.1676,0.2926,1.7952,"Periodic Fixed"
11,"Chaotic","Retention",0.177,0.2594,1.4648,"Periodic Fixed"
11,"Chaotic Visual","PostTest",1.24566666666667,0.592333333333333,0.475,"Periodic Fixed"
11,"Chaotic Visual","PreTest",1.0432,0.4626,0.444,"Periodic Fixed"
11,"Chaotic Visual","Retention",1.3334,0.6328,0.4774,"Periodic Fixed"
11,"Periodic Fadeout (SCT)","PostTest",0.336666666666667,0.815666666666667,2.44533333333333,"Periodic Fixed"
11,"Periodic Fadeout (SCT)","PreTest",0.2072,0.6302,3.225,"Periodic Fixed"
11,"Periodic Fadeout (SCT)","Retention",0.4708,0.8876,1.8928,"Periodic Fixed"
11,"Periodic Fixed","PostTest",0.43,0.791333333333333,1.89366666666667,"Periodic Fixed"
11,"Periodic Fixed","PreTest",0.2426,0.5598,2.3552,"Periodic Fixed"
11,"Periodic Fixed","Retention",0.4518,0.8428,1.8846,"Periodic Fixed"
12,"Chaotic","PostTest",0.393,0.508,1.31466666666667,"Chaotic Non-interactive"
12,"Chaotic","PreTest",0.3586,0.5344,1.534,"Chaotic Non-interactive"
12,"Chaotic","Retention",0.4284,0.5128,1.199,"Chaotic Non-interactive"
12,"Chaotic Visual","PostTest",1.433,0.604,0.423,"Chaotic Non-interactive"
12,"Chaotic Visual","PreTest",1.57,0.6464,0.4122,"Chaotic Non-interactive"
12,"Chaotic Visual","Retention",1.3556,0.5342,0.3946,"Chaotic Non-interactive"
12,"Periodic Fadeout (SCT)","PostTest",0.450666666666667,0.912333333333333,2.062,"Chaotic Non-interactive"
12,"Periodic Fadeout (SCT)","PreTest",0.3372,0.8524,2.5426,"Chaotic Non-interactive"
12,"Periodic Fadeout (SCT)","Retention",0.3344,0.8396,2.526,"Chaotic Non-interactive"
12,"Periodic Fixed","PostTest",0.262666666666667,0.862666666666667,3.32066666666667,"Chaotic Non-interactive"
12,"Periodic Fixed","PreTest",0.1214,0.3596,3.0412,"Chaotic Non-interactive"
12,"Periodic Fixed","Retention",0.3712,0.787,2.1292,"Chaotic Non-interactive"
13,"Chaotic","PostTest",0.171,0.360666666666667,2.09433333333333,"Periodic Fixed"
13,"Chaotic","PreTest",0.1954,0.4012,2.115,"Periodic Fixed"
13,"Chaotic","Retention",0.229,0.3448,1.5306,"Periodic Fixed"
13,"Chaotic Visual","PostTest",1.40433333333333,0.490333333333333,0.349,"Periodic Fixed"
13,"Chaotic Visual","PreTest",1.3186,0.5052,0.3832,"Periodic Fixed"
13,"Chaotic Visual","Retention",1.4768,0.5454,0.371,"Periodic Fixed"
13,"Periodic Fadeout (SCT)","PostTest",0.446333333333333,0.927,2.08033333333333,"Periodic Fixed"
13,"Periodic Fadeout (SCT)","PreTest",0.2808,0.9016,3.2616,"Periodic Fixed"
13,"Periodic Fadeout (SCT)","Retention",0.4486,0.9068,2.0882,"Periodic Fixed"
13,"Periodic Fixed","PostTest",0.438666666666667,0.879666666666667,2.048,"Periodic Fixed"
13,"Periodic Fixed","PreTest",0.25,0.7212,2.9144,"Periodic Fixed"
13,"Periodic Fixed","Retention",0.4252,0.8856,2.0898,"Periodic Fixed"
14,"Chaotic","PostTest",0.436666666666667,0.566333333333333,1.316,"Chaotic Interactive"
14,"Chaotic","PreTest",0.311,0.4986,1.616,"Chaotic Interactive"
14,"Chaotic","Retention",0.3426,0.5018,1.482,"Chaotic Interactive"
14,"Chaotic Visual","PostTest",1.62833333333333,0.608,0.373333333333333,"Chaotic Interactive"
14,"Chaotic Visual","PreTest",1.352,0.5438,0.4018,"Chaotic Interactive"
14,"Chaotic Visual","Retention",1.4702,0.5782,0.3936,"Chaotic Interactive"
14,"Periodic Fadeout (SCT)","PostTest",0.270333333333333,0.846,3.195,"Chaotic Interactive"
14,"Periodic Fadeout (SCT)","PreTest",0.1012,0.6092,5.9408,"Chaotic Interactive"
14,"Periodic Fadeout (SCT)","Retention",0.3922,0.8636,2.2224,"Chaotic Interactive"
14,"Periodic Fixed","PostTest",0.452666666666667,0.741,1.65766666666667,"Chaotic Interactive"
14,"Periodic Fixed","PreTest",0.2716,0.6084,2.323,"Chaotic Interactive"
14,"Periodic Fixed","Retention",0.2442,0.5988,2.4572,"Chaotic Interactive"
15,"Chaotic","PostTest",0.354666666666667,0.411333333333333,1.16033333333333,"Periodic Fixed"
15,"Chaotic","PreTest",0.3226,0.4086,1.2726,"Periodic Fixed"
15,"Chaotic","Retention",0.3668,0.4438,1.2162,"Periodic Fixed"
15,"Chaotic Visual","PostTest",1.53366666666667,0.589333333333333,0.384,"Periodic Fixed"
15,"Chaotic Visual","PreTest",1.4464,0.5604,0.3894,"Periodic Fixed"
15,"Chaotic Visual","Retention",1.5958,0.6044,0.3796,"Periodic Fixed"
15,"Periodic Fadeout (SCT)","PostTest",0.428333333333333,0.883,2.08,"Periodic Fixed"
15,"Periodic Fadeout (SCT)","PreTest",0.226,0.6846,3.2056,"Periodic Fixed"
15,"Periodic Fadeout (SCT)","Retention",0.4674,0.9226,1.977,"Periodic Fixed"
15,"Periodic Fixed","PostTest",0.464666666666667,0.657666666666667,1.582,"Periodic Fixed"
15,"Periodic Fixed","PreTest",0.3828,0.6558,1.7636,"Periodic Fixed"
15,"Periodic Fixed","Retention",0.5132,0.7236,1.449,"Periodic Fixed"
17,"Chaotic","PostTest",0.412666666666667,0.479666666666667,1.16466666666667,"Chaotic Interactive"
17,"Chaotic","PreTest",0.2892,0.4368,1.538,"Chaotic Interactive"
17,"Chaotic","Retention",0.3412,0.408,1.197,"Chaotic Interactive"
17,"Chaotic Visual","PostTest",1.32933333333333,0.478333333333333,0.369333333333333,"Chaotic Interactive"
17,"Chaotic Visual","PreTest",1.543,0.604,0.3898,"Chaotic Interactive"
17,"Chaotic Visual","Retention",1.4548,0.517,0.3574,"Chaotic Interactive"
17,"Periodic Fadeout (SCT)","PostTest",0.207666666666667,0.609,2.98366666666667,"Chaotic Interactive"
17,"Periodic Fadeout (SCT)","PreTest",0.1706,0.6038,3.5866,"Chaotic Interactive"
17,"Periodic Fadeout (SCT)","Retention",0.1656,0.5198,3.155,"Chaotic Interactive"
17,"Periodic Fixed","PostTest",0.379666666666667,0.680666666666667,1.90966666666667,"Chaotic Interactive"
17,"Periodic Fixed","PreTest",0.3876,0.7264,1.8884,"Chaotic Interactive"
17,"Periodic Fixed","Retention",0.5048,0.722,1.4332,"Chaotic Interactive"
18,"Chaotic","PostTest",0.333666666666667,0.414,1.239,"Periodic Fixed"
18,"Chaotic","PreTest",0.2788,0.4444,1.6442,"Periodic Fixed"
18,"Chaotic","Retention",0.1992,0.348,1.7518,"Periodic Fixed"
18,"Chaotic Visual","PostTest",1.316,0.501666666666667,0.381333333333333,"Periodic Fixed"
18,"Chaotic Visual","PreTest",1.3606,0.5488,0.4046,"Periodic Fixed"
18,"Chaotic Visual","Retention",1.608,0.6182,0.3848,"Periodic Fixed"
18,"Periodic Fadeout (SCT)","PostTest",0.429,0.887333333333333,2.06866666666667,"Periodic Fixed"
18,"Periodic Fadeout (SCT)","PreTest",0.2516,0.7908,3.1938,"Periodic Fixed"
18,"Periodic Fadeout (SCT)","Retention",0.4286,0.8796,2.058,"Periodic Fixed"
18,"Periodic Fixed","PostTest",0.358,0.838,2.369,"Periodic Fixed"
18,"Periodic Fixed","PreTest",0.4066,0.8176,2.0126,"Periodic Fixed"
18,"Periodic Fixed","Retention",0.2638,0.5662,2.1554,"Periodic Fixed"
19,"Chaotic","PostTest",0.195,0.415666666666667,2.20433333333333,"Chaotic Non-interactive"
19,"Chaotic","PreTest",0.1616,0.4032,2.5256,"Chaotic Non-interactive"
19,"Chaotic","Retention",0.2296,0.405,1.8198,"Chaotic Non-interactive"
19,"Chaotic Visual","PostTest",1.90866666666667,0.669666666666667,0.351,"Chaotic Non-interactive"
19,"Chaotic Visual","PreTest",1.6726,0.6164,0.3704,"Chaotic Non-interactive"
19,"Chaotic Visual","Retention",1.7752,0.6258,0.353,"Chaotic Non-interactive"
19,"Periodic Fadeout (SCT)","PostTest",0.382,0.896,2.39066666666667,"Chaotic Non-interactive"
19,"Periodic Fadeout (SCT)","PreTest",0.2738,0.9344,3.4998,"Chaotic Non-interactive"
19,"Periodic Fadeout (SCT)","Retention",0.2898,0.9066,3.1666,"Chaotic Non-interactive"
19,"Periodic Fixed","PostTest",0.409,0.827333333333333,2.06033333333333,"Chaotic Non-interactive"
19,"Periodic Fixed","PreTest",0.4685,0.7765,1.66925,"Chaotic Non-interactive"
19,"Periodic Fixed","Retention",0.2798,0.9056,3.2714,"Chaotic Non-interactive"
20,"Chaotic","PostTest",0.246666666666667,0.366333333333333,1.50266666666667,"Chaotic Non-interactive"
20,"Chaotic","PreTest",0.2168,0.3652,1.7032,"Chaotic Non-interactive"
20,"Chaotic","Retention",0.34,0.4222,1.2476,"Chaotic Non-interactive"
20,"Chaotic Visual","PostTest",1.44533333333333,0.516333333333333,0.357,"Chaotic Non-interactive"
20,"Chaotic Visual","PreTest",1.6468,0.5834,0.3554,"Chaotic Non-interactive"
20,"Chaotic Visual","Retention",1.725,0.5972,0.3474,"Chaotic Non-interactive"
20,"Periodic Fadeout (SCT)","PostTest",0.365333333333333,0.903666666666667,2.517,"Chaotic Non-interactive"
20,"Periodic Fadeout (SCT)","PreTest",0.358,0.8514,2.5688,"Chaotic Non-interactive"
20,"Periodic Fadeout (SCT)","Retention",0.4014,0.9078,2.287,"Chaotic Non-interactive"
20,"Periodic Fixed","PostTest",0.358,0.794666666666667,2.25566666666667,"Chaotic Non-interactive"
20,"Periodic Fixed","PreTest",0.3566,0.8202,2.3198,"Chaotic Non-interactive"
20,"Periodic Fixed","Retention",0.3392,0.6492,1.915,"Chaotic Non-interactive"
21,"Chaotic","PostTest",0.419,0.538,1.286,"Periodic Fixed"
21,"Chaotic","PreTest",0.2696,0.4914,1.8272,"Periodic Fixed"
21,"Chaotic","Retention",0.4034,0.5724,1.4718,"Periodic Fixed"
21,"Chaotic Visual","PostTest",1.349,0.615333333333333,0.462,"Periodic Fixed"
21,"Chaotic Visual","PreTest",1.366,0.6004,0.4412,"Periodic Fixed"
21,"Chaotic Visual","Retention",1.6384,0.6052,0.3706,"Periodic Fixed"
21,"Periodic Fadeout (SCT)","PostTest",0.190666666666667,0.719333333333333,3.82466666666667,"Periodic Fixed"
21,"Periodic Fadeout (SCT)","PreTest",0.1802,0.6748,3.8516,"Periodic Fixed"
21,"Periodic Fadeout (SCT)","Retention",0.3264,0.8028,2.563,"Periodic Fixed"
21,"Periodic Fixed","PostTest",0.420333333333333,0.759333333333333,1.833,"Periodic Fixed"
21,"Periodic Fixed","PreTest",0.2568,0.5538,2.2116,"Periodic Fixed"
21,"Periodic Fixed","Retention",0.4638,0.779,1.7318,"Periodic Fixed"
22,"Chaotic","PostTest",0.326333333333333,0.483666666666667,1.50133333333333,"Periodic Fixed"
22,"Chaotic","PreTest",0.124,0.362,3.039,"Periodic Fixed"
22,"Chaotic","Retention",0.3024,0.4822,1.627,"Periodic Fixed"
22,"Chaotic Visual","PostTest",1.16933333333333,0.465333333333333,0.400666666666667,"Periodic Fixed"
22,"Chaotic Visual","PreTest",1.29,0.567,0.441,"Periodic Fixed"
22,"Chaotic Visual","Retention",1.2288,0.5088,0.4166,"Periodic Fixed"
22,"Periodic Fadeout (SCT)","PostTest",0.326333333333333,0.860333333333333,2.63766666666667,"Periodic Fixed"
22,"Periodic Fadeout (SCT)","PreTest",0.2216,0.7286,3.373,"Periodic Fixed"
22,"Periodic Fadeout (SCT)","Retention",0.422,0.8802,2.1592,"Periodic Fixed"
22,"Periodic Fixed","PostTest",0.452333333333333,0.829333333333333,1.84166666666667,"Periodic Fixed"
22,"Periodic Fixed","PreTest",0.2548,0.7606,3.0524,"Periodic Fixed"
22,"Periodic Fixed","Retention",0.283,0.8116,2.9246,"Periodic Fixed"
23,"Chaotic","PostTest",0.418666666666667,0.521666666666667,1.251,"Chaotic Non-interactive"
23,"Chaotic","PreTest",0.3504,0.5034,1.4364,"Chaotic Non-interactive"
23,"Chaotic","Retention",0.3544,0.5166,1.4558,"Chaotic Non-interactive"
23,"Chaotic Visual","PostTest",1.253,0.520666666666667,0.417666666666667,"Chaotic Non-interactive"
23,"Chaotic Visual","PreTest",1.3796,0.6186,0.4498,"Chaotic Non-interactive"
23,"Chaotic Visual","Retention",1.5186,0.5732,0.3866,"Chaotic Non-interactive"
23,"Periodic Fadeout (SCT)","PostTest",0.484666666666667,0.927333333333333,2.077,"Chaotic Non-interactive"
23,"Periodic Fadeout (SCT)","PreTest",0.5446,0.9362,1.7618,"Chaotic Non-interactive"
23,"Periodic Fadeout (SCT)","Retention",0.6486,0.9378,1.4694,"Chaotic Non-interactive"
23,"Periodic Fixed","PostTest",0.636333333333333,0.927666666666667,1.51133333333333,"Chaotic Non-interactive"
23,"Periodic Fixed","PreTest",0.5514,0.8448,1.5338,"Chaotic Non-interactive"
23,"Periodic Fixed","Retention",0.4444,0.9218,2.0986,"Chaotic Non-interactive"
24,"Chaotic","PostTest",0.346666666666667,0.502,1.466,"Periodic Fixed"
24,"Chaotic","PreTest",0.3564,0.4496,1.321,"Periodic Fixed"
24,"Chaotic","Retention",0.345,0.5376,1.5818,"Periodic Fixed"
24,"Chaotic Visual","PostTest",1.63266666666667,0.644333333333333,0.395666666666667,"Periodic Fixed"
24,"Chaotic Visual","PreTest",1.6964,0.6448,0.38,"Periodic Fixed"
24,"Chaotic Visual","Retention",1.7822,0.7242,0.4058,"Periodic Fixed"
24,"Periodic Fadeout (SCT)","PostTest",0.724,0.963666666666667,1.35866666666667,"Periodic Fixed"
24,"Periodic Fadeout (SCT)","PreTest",0.5392,0.9286,1.874,"Periodic Fixed"
24,"Periodic Fadeout (SCT)","Retention",0.5796,0.9574,1.6932,"Periodic Fixed"
24,"Periodic Fixed","PostTest",0.471333333333333,0.906,1.92866666666667,"Periodic Fixed"
24,"Periodic Fixed","PreTest",0.5272,0.8782,1.7326,"Periodic Fixed"
24,"Periodic Fixed","Retention",0.4258,0.7822,1.8348,"Periodic Fixed"
25,"Chaotic","PostTest",0.468,0.499333333333333,1.06666666666667,"Chaotic Interactive"
25,"Chaotic","PreTest",0.2888,0.4414,1.5684,"Chaotic Interactive"
25,"Chaotic","Retention",0.3834,0.4862,1.2754,"Chaotic Interactive"
25,"Chaotic Visual","PostTest",1.68266666666667,0.609333333333333,0.362333333333333,"Chaotic Interactive"
25,"Chaotic Visual","PreTest",1.8062,0.6564,0.3636,"Chaotic Interactive"
25,"Chaotic Visual","Retention",2.0038,0.698,0.3484,"Chaotic Interactive"
25,"Periodic Fadeout (SCT)","PostTest",0.318,0.852,2.68666666666667,"Chaotic Interactive"
25,"Periodic Fadeout (SCT)","PreTest",0.227,0.7602,3.4734,"Chaotic Interactive"
25,"Periodic Fadeout (SCT)","Retention",0.3558,0.8634,2.486,"Chaotic Interactive"
25,"Periodic Fixed","PostTest",0.517666666666667,0.726666666666667,1.40833333333333,"Chaotic Interactive"
25,"Periodic Fixed","PreTest",0.3236,0.7028,2.2046,"Chaotic Interactive"
25,"Periodic Fixed","Retention",0.5194,0.7766,1.614,"Chaotic Interactive"
26,"Chaotic","PostTest",0.227,0.402666666666667,2.13266666666667,"Chaotic Interactive"
26,"Chaotic","PreTest",0.2116,0.44,2.4554,"Chaotic Interactive"
26,"Chaotic","Retention",0.476,0.5574,1.185,"Chaotic Interactive"
26,"Chaotic Visual","PostTest",1.46433333333333,0.547333333333333,0.373666666666667,"Chaotic Interactive"
26,"Chaotic Visual","PreTest",1.4746,0.5624,0.3802,"Chaotic Interactive"
26,"Chaotic Visual","Retention",1.5818,0.6494,0.4104,"Chaotic Interactive"
26,"Periodic Fadeout (SCT)","PostTest",0.325333333333333,0.822,2.68033333333333,"Chaotic Interactive"
26,"Periodic Fadeout (SCT)","PreTest",0.239,0.8062,3.5166,"Chaotic Interactive"
26,"Periodic Fadeout (SCT)","Retention",0.2658,0.7498,2.8612,"Chaotic Interactive"
26,"Periodic Fixed","PostTest",0.348666666666667,0.646,2.099,"Chaotic Interactive"
26,"Periodic Fixed","PreTest",0.2018,0.5742,3.1282,"Chaotic Interactive"
26,"Periodic Fixed","Retention",0.5586,0.8218,1.5046,"Chaotic Interactive"
27,"Chaotic","PostTest",0.136333333333333,0.421666666666667,3.18533333333333,"Periodic Fixed"
27,"Chaotic","PreTest",0.13,0.3944,3.041,"Periodic Fixed"
27,"Chaotic","Retention",0.121,0.2778,2.317,"Periodic Fixed"
27,"Chaotic Visual","PostTest",1.04766666666667,0.478,0.457,"Periodic Fixed"
27,"Chaotic Visual","PreTest",1.1516,0.5012,0.4404,"Periodic Fixed"
27,"Chaotic Visual","Retention",1.0218,0.4408,0.4324,"Periodic Fixed"
27,"Periodic Fadeout (SCT)","PostTest",0.141,0.857333333333333,6.38,"Periodic Fixed"
27,"Periodic Fadeout (SCT)","PreTest",0.1536,0.7506,4.8984,"Periodic Fixed"
27,"Periodic Fadeout (SCT)","Retention",0.1984,0.8924,4.5294,"Periodic Fixed"
27,"Periodic Fixed","PostTest",0.264333333333333,0.75,2.91533333333333,"Periodic Fixed"
27,"Periodic Fixed","PreTest",0.0608,0.2008,3.4178,"Periodic Fixed"
27,"Periodic Fixed","Retention",0.183,0.5542,3.1684,"Periodic Fixed"
28,"Chaotic","PostTest",0.408666666666667,0.482333333333333,1.18266666666667,"Chaotic Interactive"
28,"Chaotic","PreTest",0.322,0.4278,1.3406,"Chaotic Interactive"
28,"Chaotic","Retention",0.363,0.478,1.333,"Chaotic Interactive"
28,"Chaotic Visual","PostTest",1.493,0.579666666666667,0.388666666666667,"Chaotic Interactive"
28,"Chaotic Visual","PreTest",1.621,0.6352,0.3912,"Chaotic Interactive"
28,"Chaotic Visual","Retention",1.8388,0.7364,0.4006,"Chaotic Interactive"
28,"Periodic Fadeout (SCT)","PostTest",0.467,0.935333333333333,2.00666666666667,"Chaotic Interactive"
28,"Periodic Fadeout (SCT)","PreTest",0.4846,0.9208,1.923,"Chaotic Interactive"
28,"Periodic Fadeout (SCT)","Retention",0.3802,0.9104,2.406,"Chaotic Interactive"
28,"Periodic Fixed","PostTest",0.273333333333333,0.475,1.733,"Chaotic Interactive"
28,"Periodic Fixed","PreTest",0.2608,0.4424,1.7012,"Chaotic Interactive"
28,"Periodic Fixed","Retention",0.4574,0.7004,1.5328,"Chaotic Interactive"
30,"Chaotic","PostTest",0.501333333333333,0.52,1.037,"Chaotic Interactive"
30,"Chaotic","PreTest",0.2746,0.4008,1.4968,"Chaotic Interactive"
30,"Chaotic","Retention",0.3924,0.4526,1.1684,"Chaotic Interactive"
30,"Chaotic Visual","PostTest",1.42533333333333,0.493333333333333,0.346666666666667,"Chaotic Interactive"
30,"Chaotic Visual","PreTest",1.5482,0.543,0.3528,"Chaotic Interactive"
30,"Chaotic Visual","Retention",1.5332,0.5156,0.337,"Chaotic Interactive"
30,"Periodic Fadeout (SCT)","PostTest",0.246333333333333,0.74,3.15766666666667,"Chaotic Interactive"
30,"Periodic Fadeout (SCT)","PreTest",0.1006,0.385,3.818,"Chaotic Interactive"
30,"Periodic Fadeout (SCT)","Retention",0.153,0.4976,3.264,"Chaotic Interactive"
30,"Periodic Fixed","PostTest",0.305333333333333,0.541333333333333,1.81133333333333,"Chaotic Interactive"
30,"Periodic Fixed","PreTest",0.0976,0.1624,1.8054,"Chaotic Interactive"
30,"Periodic Fixed","Retention",0.0834,0.2348,2.8334,"Chaotic Interactive"
